Number of sequences in alignment file:	9365
Neff:	2345.726994790846
Alignment sequence length:	375
|Train : Update 1000. Negative ELBO : 62096.289, BCE: 745.261, KLD_latent: 18.329, KLD_decoder_params_norm: 61332.699, Time: 40.78 |
|Train : Update 2000. Negative ELBO : 61332.992, BCE: 660.636, KLD_latent: 24.801, KLD_decoder_params_norm: 60647.555, Time: 81.18 |
|Train : Update 3000. Negative ELBO : 60606.293, BCE: 614.744, KLD_latent: 28.533, KLD_decoder_params_norm: 59963.020, Time: 121.60 |
|Train : Update 4000. Negative ELBO : 59896.336, BCE: 585.906, KLD_latent: 30.974, KLD_decoder_params_norm: 59279.457, Time: 162.08 |
|Train : Update 5000. Negative ELBO : 59195.801, BCE: 564.391, KLD_latent: 34.289, KLD_decoder_params_norm: 58597.121, Time: 202.60 |
|Train : Update 6000. Negative ELBO : 58493.457, BCE: 541.003, KLD_latent: 36.232, KLD_decoder_params_norm: 57916.223, Time: 243.20 |
|Train : Update 7000. Negative ELBO : 57797.645, BCE: 521.219, KLD_latent: 39.474, KLD_decoder_params_norm: 57236.953, Time: 283.67 |
|Train : Update 8000. Negative ELBO : 57091.434, BCE: 492.105, KLD_latent: 39.845, KLD_decoder_params_norm: 56559.484, Time: 324.18 |
|Train : Update 9000. Negative ELBO : 56394.703, BCE: 466.015, KLD_latent: 44.832, KLD_decoder_params_norm: 55883.855, Time: 364.68 |
|Train : Update 10000. Negative ELBO : 55699.137, BCE: 443.531, KLD_latent: 45.653, KLD_decoder_params_norm: 55209.953, Time: 405.20 |
|Train : Update 11000. Negative ELBO : 55016.156, BCE: 432.152, KLD_latent: 46.392, KLD_decoder_params_norm: 54537.613, Time: 445.67 |
|Train : Update 12000. Negative ELBO : 54326.781, BCE: 412.089, KLD_latent: 47.995, KLD_decoder_params_norm: 53866.695, Time: 486.14 |
|Train : Update 13000. Negative ELBO : 53643.688, BCE: 398.653, KLD_latent: 48.087, KLD_decoder_params_norm: 53196.949, Time: 526.60 |
|Train : Update 14000. Negative ELBO : 52969.355, BCE: 391.552, KLD_latent: 49.678, KLD_decoder_params_norm: 52528.125, Time: 567.07 |
|Train : Update 15000. Negative ELBO : 52294.027, BCE: 384.019, KLD_latent: 49.925, KLD_decoder_params_norm: 51860.082, Time: 607.54 |
|Train : Update 16000. Negative ELBO : 51614.734, BCE: 371.843, KLD_latent: 50.194, KLD_decoder_params_norm: 51192.695, Time: 648.00 |
|Train : Update 17000. Negative ELBO : 50944.211, BCE: 368.969, KLD_latent: 49.418, KLD_decoder_params_norm: 50525.824, Time: 688.46 |
|Train : Update 18000. Negative ELBO : 50270.090, BCE: 359.718, KLD_latent: 50.952, KLD_decoder_params_norm: 49859.418, Time: 728.93 |
|Train : Update 19000. Negative ELBO : 49595.031, BCE: 350.575, KLD_latent: 51.017, KLD_decoder_params_norm: 49193.441, Time: 769.43 |
|Train : Update 20000. Negative ELBO : 48929.609, BCE: 352.689, KLD_latent: 49.067, KLD_decoder_params_norm: 48527.855, Time: 809.91 |
|Train : Update 21000. Negative ELBO : 48255.113, BCE: 341.758, KLD_latent: 50.649, KLD_decoder_params_norm: 47862.707, Time: 850.38 |
|Train : Update 22000. Negative ELBO : 47595.793, BCE: 348.053, KLD_latent: 49.792, KLD_decoder_params_norm: 47197.945, Time: 890.89 |
|Train : Update 23000. Negative ELBO : 46920.988, BCE: 337.455, KLD_latent: 49.934, KLD_decoder_params_norm: 46533.602, Time: 931.41 |
|Train : Update 24000. Negative ELBO : 46259.871, BCE: 341.244, KLD_latent: 48.967, KLD_decoder_params_norm: 45869.660, Time: 971.91 |
|Train : Update 25000. Negative ELBO : 45595.793, BCE: 341.260, KLD_latent: 48.371, KLD_decoder_params_norm: 45206.160, Time: 1012.41 |
|Train : Update 26000. Negative ELBO : 44930.797, BCE: 338.434, KLD_latent: 49.227, KLD_decoder_params_norm: 44543.137, Time: 1052.90 |
|Train : Update 27000. Negative ELBO : 44264.473, BCE: 334.498, KLD_latent: 49.457, KLD_decoder_params_norm: 43880.516, Time: 1093.44 |
|Train : Update 28000. Negative ELBO : 43606.746, BCE: 339.953, KLD_latent: 48.383, KLD_decoder_params_norm: 43218.410, Time: 1133.93 |
|Train : Update 29000. Negative ELBO : 42939.047, BCE: 333.076, KLD_latent: 49.149, KLD_decoder_params_norm: 42556.824, Time: 1174.43 |
|Train : Update 30000. Negative ELBO : 42278.176, BCE: 333.231, KLD_latent: 49.183, KLD_decoder_params_norm: 41895.762, Time: 1214.95 |
|Train : Update 31000. Negative ELBO : 41609.219, BCE: 326.194, KLD_latent: 47.776, KLD_decoder_params_norm: 41235.246, Time: 1255.50 |
|Train : Update 32000. Negative ELBO : 40951.812, BCE: 328.670, KLD_latent: 47.839, KLD_decoder_params_norm: 40575.305, Time: 1296.06 |
|Train : Update 33000. Negative ELBO : 40287.434, BCE: 323.621, KLD_latent: 47.829, KLD_decoder_params_norm: 39915.984, Time: 1336.59 |
|Train : Update 34000. Negative ELBO : 39632.578, BCE: 327.097, KLD_latent: 48.183, KLD_decoder_params_norm: 39257.297, Time: 1377.08 |
|Train : Update 35000. Negative ELBO : 38971.859, BCE: 325.043, KLD_latent: 47.527, KLD_decoder_params_norm: 38599.289, Time: 1417.57 |
|Train : Update 36000. Negative ELBO : 38318.027, BCE: 327.968, KLD_latent: 48.002, KLD_decoder_params_norm: 37942.059, Time: 1458.06 |
|Train : Update 37000. Negative ELBO : 37660.848, BCE: 328.321, KLD_latent: 46.977, KLD_decoder_params_norm: 37285.551, Time: 1498.58 |
|Train : Update 38000. Negative ELBO : 36998.836, BCE: 321.700, KLD_latent: 47.384, KLD_decoder_params_norm: 36629.754, Time: 1539.04 |
|Train : Update 39000. Negative ELBO : 36348.699, BCE: 325.825, KLD_latent: 48.115, KLD_decoder_params_norm: 35974.762, Time: 1579.51 |
|Train : Update 40000. Negative ELBO : 35699.648, BCE: 331.009, KLD_latent: 48.024, KLD_decoder_params_norm: 35320.617, Time: 1619.99 |
|Train : Update 41000. Negative ELBO : 35041.902, BCE: 327.933, KLD_latent: 46.616, KLD_decoder_params_norm: 34667.352, Time: 1660.45 |
|Train : Update 42000. Negative ELBO : 34386.691, BCE: 324.435, KLD_latent: 47.235, KLD_decoder_params_norm: 34015.023, Time: 1700.92 |
|Train : Update 43000. Negative ELBO : 33738.984, BCE: 328.205, KLD_latent: 47.118, KLD_decoder_params_norm: 33363.664, Time: 1741.38 |
|Train : Update 44000. Negative ELBO : 33089.266, BCE: 328.478, KLD_latent: 47.454, KLD_decoder_params_norm: 32713.334, Time: 1781.85 |
|Train : Update 45000. Negative ELBO : 32438.180, BCE: 327.693, KLD_latent: 46.454, KLD_decoder_params_norm: 32064.033, Time: 1822.31 |
|Train : Update 46000. Negative ELBO : 31790.836, BCE: 327.780, KLD_latent: 47.235, KLD_decoder_params_norm: 31415.822, Time: 1862.79 |
|Train : Update 47000. Negative ELBO : 31155.262, BCE: 340.625, KLD_latent: 45.829, KLD_decoder_params_norm: 30768.807, Time: 1903.25 |
|Train : Update 48000. Negative ELBO : 30499.936, BCE: 330.706, KLD_latent: 46.243, KLD_decoder_params_norm: 30122.986, Time: 1943.72 |
|Train : Update 49000. Negative ELBO : 29852.033, BCE: 327.339, KLD_latent: 46.278, KLD_decoder_params_norm: 29478.416, Time: 1984.17 |
|Train : Update 50000. Negative ELBO : 29220.033, BCE: 338.309, KLD_latent: 46.515, KLD_decoder_params_norm: 28835.209, Time: 2024.62 |
|Train : Update 51000. Negative ELBO : 28573.551, BCE: 334.009, KLD_latent: 46.168, KLD_decoder_params_norm: 28193.373, Time: 2065.06 |
|Train : Update 52000. Negative ELBO : 27937.678, BCE: 339.061, KLD_latent: 45.593, KLD_decoder_params_norm: 27553.025, Time: 2105.52 |
|Train : Update 53000. Negative ELBO : 27290.668, BCE: 329.977, KLD_latent: 46.469, KLD_decoder_params_norm: 26914.223, Time: 2145.99 |
|Train : Update 54000. Negative ELBO : 26662.896, BCE: 339.925, KLD_latent: 45.932, KLD_decoder_params_norm: 26277.041, Time: 2186.49 |
|Train : Update 55000. Negative ELBO : 26024.654, BCE: 336.340, KLD_latent: 46.705, KLD_decoder_params_norm: 25641.609, Time: 2226.98 |
|Train : Update 56000. Negative ELBO : 25392.053, BCE: 338.066, KLD_latent: 45.973, KLD_decoder_params_norm: 25008.014, Time: 2267.46 |
|Train : Update 57000. Negative ELBO : 24765.168, BCE: 343.397, KLD_latent: 45.447, KLD_decoder_params_norm: 24376.324, Time: 2307.94 |
|Train : Update 58000. Negative ELBO : 24135.441, BCE: 343.385, KLD_latent: 45.418, KLD_decoder_params_norm: 23746.639, Time: 2348.42 |
|Train : Update 59000. Negative ELBO : 23505.475, BCE: 339.360, KLD_latent: 47.069, KLD_decoder_params_norm: 23119.045, Time: 2388.86 |
|Train : Update 60000. Negative ELBO : 22891.344, BCE: 351.361, KLD_latent: 46.264, KLD_decoder_params_norm: 22493.719, Time: 2429.32 |
|Train : Update 61000. Negative ELBO : 22264.893, BCE: 348.015, KLD_latent: 46.157, KLD_decoder_params_norm: 21870.719, Time: 2469.80 |
|Train : Update 62000. Negative ELBO : 21642.744, BCE: 346.625, KLD_latent: 45.914, KLD_decoder_params_norm: 21250.205, Time: 2510.29 |
|Train : Update 63000. Negative ELBO : 21031.814, BCE: 353.423, KLD_latent: 46.016, KLD_decoder_params_norm: 20632.377, Time: 2550.77 |
|Train : Update 64000. Negative ELBO : 20417.574, BCE: 353.851, KLD_latent: 46.284, KLD_decoder_params_norm: 20017.439, Time: 2591.27 |
|Train : Update 65000. Negative ELBO : 19809.893, BCE: 358.742, KLD_latent: 45.645, KLD_decoder_params_norm: 19405.506, Time: 2631.77 |
|Train : Update 66000. Negative ELBO : 19200.760, BCE: 358.280, KLD_latent: 45.703, KLD_decoder_params_norm: 18796.777, Time: 2672.26 |
|Train : Update 67000. Negative ELBO : 18601.621, BCE: 365.114, KLD_latent: 45.047, KLD_decoder_params_norm: 18191.461, Time: 2712.77 |
|Train : Update 68000. Negative ELBO : 17992.037, BCE: 356.974, KLD_latent: 45.223, KLD_decoder_params_norm: 17589.840, Time: 2753.33 |
|Train : Update 69000. Negative ELBO : 17411.842, BCE: 374.947, KLD_latent: 44.863, KLD_decoder_params_norm: 16992.031, Time: 2793.84 |
|Train : Update 70000. Negative ELBO : 16812.959, BCE: 369.847, KLD_latent: 44.680, KLD_decoder_params_norm: 16398.432, Time: 2834.35 |
|Train : Update 71000. Negative ELBO : 16236.261, BCE: 381.729, KLD_latent: 45.276, KLD_decoder_params_norm: 15809.255, Time: 2874.86 |
|Train : Update 72000. Negative ELBO : 15642.509, BCE: 372.581, KLD_latent: 45.096, KLD_decoder_params_norm: 15224.832, Time: 2915.40 |
|Train : Update 73000. Negative ELBO : 15067.403, BCE: 376.235, KLD_latent: 45.714, KLD_decoder_params_norm: 14645.455, Time: 2955.93 |
|Train : Update 74000. Negative ELBO : 14504.557, BCE: 388.132, KLD_latent: 44.992, KLD_decoder_params_norm: 14071.433, Time: 2996.44 |
|Train : Update 75000. Negative ELBO : 13929.664, BCE: 382.161, KLD_latent: 44.324, KLD_decoder_params_norm: 13503.180, Time: 3036.94 |
|Train : Update 76000. Negative ELBO : 13375.717, BCE: 390.129, KLD_latent: 44.484, KLD_decoder_params_norm: 12941.104, Time: 3077.46 |
|Train : Update 77000. Negative ELBO : 12823.438, BCE: 393.693, KLD_latent: 44.094, KLD_decoder_params_norm: 12385.649, Time: 3117.97 |
|Train : Update 78000. Negative ELBO : 12280.411, BCE: 398.828, KLD_latent: 44.321, KLD_decoder_params_norm: 11837.262, Time: 3158.52 |
|Train : Update 79000. Negative ELBO : 11744.197, BCE: 403.541, KLD_latent: 44.222, KLD_decoder_params_norm: 11296.434, Time: 3199.08 |
|Train : Update 80000. Negative ELBO : 11213.985, BCE: 405.342, KLD_latent: 44.917, KLD_decoder_params_norm: 10763.726, Time: 3239.63 |
|Train : Update 81000. Negative ELBO : 10694.972, BCE: 410.974, KLD_latent: 44.222, KLD_decoder_params_norm: 10239.775, Time: 3280.15 |
|Train : Update 82000. Negative ELBO : 10176.404, BCE: 406.721, KLD_latent: 44.542, KLD_decoder_params_norm: 9725.141, Time: 3320.69 |
|Train : Update 83000. Negative ELBO : 9683.076, BCE: 418.537, KLD_latent: 44.075, KLD_decoder_params_norm: 9220.464, Time: 3361.16 |
|Train : Update 84000. Negative ELBO : 9197.167, BCE: 427.053, KLD_latent: 43.574, KLD_decoder_params_norm: 8726.540, Time: 3401.64 |
|Train : Update 85000. Negative ELBO : 8720.180, BCE: 432.174, KLD_latent: 43.919, KLD_decoder_params_norm: 8244.087, Time: 3442.11 |
|Train : Update 86000. Negative ELBO : 8256.416, BCE: 439.070, KLD_latent: 43.459, KLD_decoder_params_norm: 7773.887, Time: 3482.59 |
|Train : Update 87000. Negative ELBO : 7805.310, BCE: 444.827, KLD_latent: 43.529, KLD_decoder_params_norm: 7316.954, Time: 3523.06 |
|Train : Update 88000. Negative ELBO : 7371.479, BCE: 454.269, KLD_latent: 43.112, KLD_decoder_params_norm: 6874.098, Time: 3563.54 |
|Train : Update 89000. Negative ELBO : 6940.849, BCE: 452.119, KLD_latent: 42.513, KLD_decoder_params_norm: 6446.217, Time: 3604.00 |
|Train : Update 90000. Negative ELBO : 6538.036, BCE: 460.790, KLD_latent: 42.832, KLD_decoder_params_norm: 6034.415, Time: 3644.48 |
|Train : Update 91000. Negative ELBO : 6148.954, BCE: 465.369, KLD_latent: 43.854, KLD_decoder_params_norm: 5639.731, Time: 3684.95 |
|Train : Update 92000. Negative ELBO : 5776.541, BCE: 470.752, KLD_latent: 42.540, KLD_decoder_params_norm: 5263.250, Time: 3725.42 |
|Train : Update 93000. Negative ELBO : 5431.207, BCE: 482.443, KLD_latent: 42.738, KLD_decoder_params_norm: 4906.026, Time: 3765.90 |
|Train : Update 94000. Negative ELBO : 5098.326, BCE: 487.541, KLD_latent: 41.634, KLD_decoder_params_norm: 4569.150, Time: 3806.40 |
|Train : Update 95000. Negative ELBO : 4784.295, BCE: 488.647, KLD_latent: 41.902, KLD_decoder_params_norm: 4253.745, Time: 3846.87 |
|Train : Update 96000. Negative ELBO : 4492.816, BCE: 491.572, KLD_latent: 40.661, KLD_decoder_params_norm: 3960.583, Time: 3887.34 |
|Train : Update 97000. Negative ELBO : 4244.000, BCE: 512.006, KLD_latent: 41.342, KLD_decoder_params_norm: 3690.652, Time: 3927.80 |
|Train : Update 98000. Negative ELBO : 4002.716, BCE: 518.058, KLD_latent: 40.298, KLD_decoder_params_norm: 3444.360, Time: 3968.28 |
|Train : Update 99000. Negative ELBO : 3786.837, BCE: 524.621, KLD_latent: 40.233, KLD_decoder_params_norm: 3221.983, Time: 4008.75 |
|Train : Update 100000. Negative ELBO : 3594.662, BCE: 532.966, KLD_latent: 38.810, KLD_decoder_params_norm: 3022.886, Time: 4049.22 |
|Train : Update 101000. Negative ELBO : 3422.191, BCE: 536.551, KLD_latent: 39.679, KLD_decoder_params_norm: 2845.962, Time: 4089.68 |
|Train : Update 102000. Negative ELBO : 3274.483, BCE: 546.431, KLD_latent: 39.083, KLD_decoder_params_norm: 2688.970, Time: 4130.18 |
|Train : Update 103000. Negative ELBO : 3144.021, BCE: 556.500, KLD_latent: 38.383, KLD_decoder_params_norm: 2549.139, Time: 4170.65 |
|Train : Update 104000. Negative ELBO : 3018.835, BCE: 556.422, KLD_latent: 39.175, KLD_decoder_params_norm: 2423.238, Time: 4211.12 |
|Train : Update 105000. Negative ELBO : 2910.495, BCE: 563.581, KLD_latent: 38.375, KLD_decoder_params_norm: 2308.539, Time: 4251.59 |
|Train : Update 106000. Negative ELBO : 2814.587, BCE: 574.927, KLD_latent: 36.483, KLD_decoder_params_norm: 2203.177, Time: 4292.05 |
|Train : Update 107000. Negative ELBO : 2717.290, BCE: 574.397, KLD_latent: 37.008, KLD_decoder_params_norm: 2105.885, Time: 4332.52 |
|Train : Update 108000. Negative ELBO : 2638.129, BCE: 585.722, KLD_latent: 36.709, KLD_decoder_params_norm: 2015.698, Time: 4373.00 |
|Train : Update 109000. Negative ELBO : 2560.165, BCE: 591.949, KLD_latent: 36.180, KLD_decoder_params_norm: 1932.037, Time: 4413.47 |
|Train : Update 110000. Negative ELBO : 2485.525, BCE: 595.381, KLD_latent: 35.883, KLD_decoder_params_norm: 1854.261, Time: 4453.95 |
|Train : Update 111000. Negative ELBO : 2417.583, BCE: 600.213, KLD_latent: 35.592, KLD_decoder_params_norm: 1781.778, Time: 4494.53 |
|Train : Update 112000. Negative ELBO : 2360.559, BCE: 612.001, KLD_latent: 34.419, KLD_decoder_params_norm: 1714.139, Time: 4535.06 |
|Train : Update 113000. Negative ELBO : 2300.741, BCE: 615.427, KLD_latent: 34.380, KLD_decoder_params_norm: 1650.935, Time: 4575.61 |
|Train : Update 114000. Negative ELBO : 2246.782, BCE: 620.873, KLD_latent: 34.181, KLD_decoder_params_norm: 1591.728, Time: 4616.14 |
|Train : Update 115000. Negative ELBO : 2193.335, BCE: 624.519, KLD_latent: 32.580, KLD_decoder_params_norm: 1536.236, Time: 4656.62 |
|Train : Update 116000. Negative ELBO : 2154.259, BCE: 637.800, KLD_latent: 32.373, KLD_decoder_params_norm: 1484.086, Time: 4697.10 |
|Train : Update 117000. Negative ELBO : 2103.327, BCE: 635.829, KLD_latent: 32.479, KLD_decoder_params_norm: 1435.019, Time: 4737.57 |
|Train : Update 118000. Negative ELBO : 2063.512, BCE: 644.119, KLD_latent: 30.715, KLD_decoder_params_norm: 1388.678, Time: 4778.08 |
|Train : Update 119000. Negative ELBO : 2017.446, BCE: 642.144, KLD_latent: 30.465, KLD_decoder_params_norm: 1344.838, Time: 4818.59 |
|Train : Update 120000. Negative ELBO : 1978.915, BCE: 645.420, KLD_latent: 30.220, KLD_decoder_params_norm: 1303.275, Time: 4859.12 |
|Train : Update 121000. Negative ELBO : 1941.767, BCE: 648.289, KLD_latent: 29.702, KLD_decoder_params_norm: 1263.776, Time: 4899.60 |
|Train : Update 122000. Negative ELBO : 1923.260, BCE: 666.455, KLD_latent: 30.788, KLD_decoder_params_norm: 1226.016, Time: 4940.13 |
|Train : Update 123000. Negative ELBO : 1879.142, BCE: 660.208, KLD_latent: 29.006, KLD_decoder_params_norm: 1189.927, Time: 4980.60 |
|Train : Update 124000. Negative ELBO : 1832.861, BCE: 649.469, KLD_latent: 28.037, KLD_decoder_params_norm: 1155.355, Time: 5021.13 |
|Train : Update 125000. Negative ELBO : 1817.125, BCE: 667.531, KLD_latent: 27.469, KLD_decoder_params_norm: 1122.125, Time: 5061.62 |
|Train : Update 126000. Negative ELBO : 1780.388, BCE: 663.611, KLD_latent: 26.761, KLD_decoder_params_norm: 1090.017, Time: 5102.11 |
|Train : Update 127000. Negative ELBO : 1754.599, BCE: 668.541, KLD_latent: 27.030, KLD_decoder_params_norm: 1059.028, Time: 5142.58 |
|Train : Update 128000. Negative ELBO : 1737.197, BCE: 681.358, KLD_latent: 26.860, KLD_decoder_params_norm: 1028.979, Time: 5183.07 |
|Train : Update 129000. Negative ELBO : 1691.564, BCE: 666.641, KLD_latent: 25.084, KLD_decoder_params_norm: 999.840, Time: 5223.54 |
|Train : Update 130000. Negative ELBO : 1675.852, BCE: 678.842, KLD_latent: 25.461, KLD_decoder_params_norm: 971.550, Time: 5264.01 |
|Train : Update 131000. Negative ELBO : 1655.824, BCE: 686.520, KLD_latent: 25.270, KLD_decoder_params_norm: 944.034, Time: 5304.48 |
|Train : Update 132000. Negative ELBO : 1622.053, BCE: 679.817, KLD_latent: 24.989, KLD_decoder_params_norm: 917.247, Time: 5344.97 |
|Train : Update 133000. Negative ELBO : 1604.594, BCE: 688.685, KLD_latent: 24.804, KLD_decoder_params_norm: 891.104, Time: 5385.48 |
|Train : Update 134000. Negative ELBO : 1569.152, BCE: 679.927, KLD_latent: 23.540, KLD_decoder_params_norm: 865.684, Time: 5425.98 |
|Train : Update 135000. Negative ELBO : 1555.999, BCE: 690.913, KLD_latent: 24.127, KLD_decoder_params_norm: 840.960, Time: 5466.47 |
|Train : Update 136000. Negative ELBO : 1525.654, BCE: 684.659, KLD_latent: 24.117, KLD_decoder_params_norm: 816.878, Time: 5506.98 |
|Train : Update 137000. Negative ELBO : 1495.871, BCE: 679.353, KLD_latent: 23.097, KLD_decoder_params_norm: 793.421, Time: 5547.49 |
|Train : Update 138000. Negative ELBO : 1477.285, BCE: 683.299, KLD_latent: 23.336, KLD_decoder_params_norm: 770.650, Time: 5587.98 |
|Train : Update 139000. Negative ELBO : 1452.534, BCE: 680.989, KLD_latent: 23.080, KLD_decoder_params_norm: 748.465, Time: 5628.47 |
|Train : Update 140000. Negative ELBO : 1432.188, BCE: 682.799, KLD_latent: 22.484, KLD_decoder_params_norm: 726.906, Time: 5668.97 |
|Train : Update 141000. Negative ELBO : 1412.728, BCE: 685.471, KLD_latent: 21.257, KLD_decoder_params_norm: 706.000, Time: 5709.48 |
|Train : Update 142000. Negative ELBO : 1384.326, BCE: 676.372, KLD_latent: 22.303, KLD_decoder_params_norm: 685.651, Time: 5750.01 |
|Train : Update 143000. Negative ELBO : 1369.942, BCE: 681.256, KLD_latent: 22.779, KLD_decoder_params_norm: 665.907, Time: 5790.53 |
|Train : Update 144000. Negative ELBO : 1352.083, BCE: 683.160, KLD_latent: 22.131, KLD_decoder_params_norm: 646.793, Time: 5831.04 |
|Train : Update 145000. Negative ELBO : 1340.991, BCE: 690.716, KLD_latent: 21.972, KLD_decoder_params_norm: 628.303, Time: 5871.57 |
|Train : Update 146000. Negative ELBO : 1330.862, BCE: 699.123, KLD_latent: 21.318, KLD_decoder_params_norm: 610.421, Time: 5912.07 |
|Train : Update 147000. Negative ELBO : 1307.533, BCE: 693.216, KLD_latent: 21.212, KLD_decoder_params_norm: 593.105, Time: 5952.55 |
|Train : Update 148000. Negative ELBO : 1276.902, BCE: 678.395, KLD_latent: 22.071, KLD_decoder_params_norm: 576.436, Time: 5993.06 |
|Train : Update 149000. Negative ELBO : 1267.028, BCE: 686.131, KLD_latent: 20.497, KLD_decoder_params_norm: 560.401, Time: 6033.55 |
|Train : Update 150000. Negative ELBO : 1256.452, BCE: 690.641, KLD_latent: 20.889, KLD_decoder_params_norm: 544.922, Time: 6074.08 |
|Train : Update 151000. Negative ELBO : 1238.593, BCE: 687.491, KLD_latent: 21.020, KLD_decoder_params_norm: 530.081, Time: 6114.60 |
|Train : Update 152000. Negative ELBO : 1227.541, BCE: 691.942, KLD_latent: 19.803, KLD_decoder_params_norm: 515.797, Time: 6155.17 |
|Train : Update 153000. Negative ELBO : 1217.546, BCE: 695.097, KLD_latent: 20.302, KLD_decoder_params_norm: 502.147, Time: 6195.67 |
|Train : Update 154000. Negative ELBO : 1203.681, BCE: 694.158, KLD_latent: 20.453, KLD_decoder_params_norm: 489.069, Time: 6236.15 |
|Train : Update 155000. Negative ELBO : 1191.012, BCE: 694.060, KLD_latent: 20.397, KLD_decoder_params_norm: 476.556, Time: 6276.66 |
|Train : Update 156000. Negative ELBO : 1168.172, BCE: 684.061, KLD_latent: 19.597, KLD_decoder_params_norm: 464.514, Time: 6317.14 |
|Train : Update 157000. Negative ELBO : 1173.451, BCE: 699.285, KLD_latent: 21.137, KLD_decoder_params_norm: 453.029, Time: 6357.62 |
|Train : Update 158000. Negative ELBO : 1151.071, BCE: 688.691, KLD_latent: 20.378, KLD_decoder_params_norm: 442.002, Time: 6398.11 |
|Train : Update 159000. Negative ELBO : 1148.860, BCE: 696.852, KLD_latent: 20.495, KLD_decoder_params_norm: 431.513, Time: 6438.59 |
|Train : Update 160000. Negative ELBO : 1136.796, BCE: 695.345, KLD_latent: 19.912, KLD_decoder_params_norm: 421.539, Time: 6479.07 |
|Train : Update 161000. Negative ELBO : 1132.044, BCE: 700.232, KLD_latent: 19.840, KLD_decoder_params_norm: 411.972, Time: 6519.58 |
|Train : Update 162000. Negative ELBO : 1115.182, BCE: 692.621, KLD_latent: 19.672, KLD_decoder_params_norm: 402.888, Time: 6560.07 |
|Train : Update 163000. Negative ELBO : 1102.493, BCE: 688.407, KLD_latent: 19.873, KLD_decoder_params_norm: 394.214, Time: 6600.55 |
|Train : Update 164000. Negative ELBO : 1096.499, BCE: 689.857, KLD_latent: 20.771, KLD_decoder_params_norm: 385.870, Time: 6641.04 |
|Train : Update 165000. Negative ELBO : 1093.589, BCE: 695.519, KLD_latent: 20.092, KLD_decoder_params_norm: 377.978, Time: 6681.57 |
|Train : Update 166000. Negative ELBO : 1078.503, BCE: 688.422, KLD_latent: 19.682, KLD_decoder_params_norm: 370.400, Time: 6722.11 |
|Train : Update 167000. Negative ELBO : 1074.528, BCE: 691.189, KLD_latent: 20.203, KLD_decoder_params_norm: 363.137, Time: 6762.61 |
|Train : Update 168000. Negative ELBO : 1068.963, BCE: 691.920, KLD_latent: 20.842, KLD_decoder_params_norm: 356.201, Time: 6803.10 |
|Train : Update 169000. Negative ELBO : 1070.335, BCE: 701.268, KLD_latent: 19.471, KLD_decoder_params_norm: 349.596, Time: 6843.59 |
|Train : Update 170000. Negative ELBO : 1051.556, BCE: 688.549, KLD_latent: 19.718, KLD_decoder_params_norm: 343.290, Time: 6884.14 |
|Train : Update 171000. Negative ELBO : 1060.966, BCE: 703.362, KLD_latent: 20.405, KLD_decoder_params_norm: 337.199, Time: 6924.63 |
|Train : Update 172000. Negative ELBO : 1040.518, BCE: 689.359, KLD_latent: 19.785, KLD_decoder_params_norm: 331.374, Time: 6965.11 |
|Train : Update 173000. Negative ELBO : 1047.223, BCE: 701.258, KLD_latent: 20.224, KLD_decoder_params_norm: 325.741, Time: 7005.60 |
|Train : Update 174000. Negative ELBO : 1027.657, BCE: 687.760, KLD_latent: 19.572, KLD_decoder_params_norm: 320.326, Time: 7046.18 |
|Train : Update 175000. Negative ELBO : 1025.165, BCE: 690.856, KLD_latent: 19.183, KLD_decoder_params_norm: 315.126, Time: 7086.77 |
|Train : Update 176000. Negative ELBO : 1027.631, BCE: 697.586, KLD_latent: 19.904, KLD_decoder_params_norm: 310.141, Time: 7127.28 |
|Train : Update 177000. Negative ELBO : 1016.877, BCE: 691.605, KLD_latent: 19.944, KLD_decoder_params_norm: 305.328, Time: 7167.77 |
|Train : Update 178000. Negative ELBO : 1026.213, BCE: 706.360, KLD_latent: 19.163, KLD_decoder_params_norm: 300.690, Time: 7208.26 |
|Train : Update 179000. Negative ELBO : 1000.023, BCE: 684.563, KLD_latent: 19.269, KLD_decoder_params_norm: 296.191, Time: 7248.75 |
|Train : Update 180000. Negative ELBO : 1012.257, BCE: 700.669, KLD_latent: 19.751, KLD_decoder_params_norm: 291.836, Time: 7289.24 |
|Train : Update 181000. Negative ELBO : 1006.520, BCE: 699.347, KLD_latent: 19.518, KLD_decoder_params_norm: 287.655, Time: 7329.72 |
|Train : Update 182000. Negative ELBO : 1006.707, BCE: 703.004, KLD_latent: 20.106, KLD_decoder_params_norm: 283.597, Time: 7370.21 |
|Train : Update 183000. Negative ELBO : 996.176, BCE: 696.920, KLD_latent: 19.588, KLD_decoder_params_norm: 279.667, Time: 7410.70 |
|Train : Update 184000. Negative ELBO : 996.001, BCE: 699.641, KLD_latent: 20.533, KLD_decoder_params_norm: 275.827, Time: 7451.19 |
|Train : Update 185000. Negative ELBO : 983.204, BCE: 691.714, KLD_latent: 19.384, KLD_decoder_params_norm: 272.106, Time: 7491.68 |
|Train : Update 186000. Negative ELBO : 985.520, BCE: 697.984, KLD_latent: 19.028, KLD_decoder_params_norm: 268.508, Time: 7532.18 |
|Train : Update 187000. Negative ELBO : 978.655, BCE: 693.941, KLD_latent: 19.684, KLD_decoder_params_norm: 265.030, Time: 7572.68 |
|Train : Update 188000. Negative ELBO : 973.143, BCE: 691.702, KLD_latent: 19.778, KLD_decoder_params_norm: 261.663, Time: 7613.16 |
|Train : Update 189000. Negative ELBO : 984.840, BCE: 706.926, KLD_latent: 19.495, KLD_decoder_params_norm: 258.419, Time: 7653.65 |
|Train : Update 190000. Negative ELBO : 964.465, BCE: 689.181, KLD_latent: 20.037, KLD_decoder_params_norm: 255.246, Time: 7694.14 |
|Train : Update 191000. Negative ELBO : 969.763, BCE: 698.013, KLD_latent: 19.645, KLD_decoder_params_norm: 252.104, Time: 7734.62 |
|Train : Update 192000. Negative ELBO : 963.956, BCE: 695.139, KLD_latent: 19.690, KLD_decoder_params_norm: 249.127, Time: 7775.10 |
|Train : Update 193000. Negative ELBO : 965.621, BCE: 700.324, KLD_latent: 19.123, KLD_decoder_params_norm: 246.174, Time: 7815.59 |
|Train : Update 194000. Negative ELBO : 952.163, BCE: 689.524, KLD_latent: 19.344, KLD_decoder_params_norm: 243.295, Time: 7856.07 |
|Train : Update 195000. Negative ELBO : 943.244, BCE: 683.943, KLD_latent: 18.772, KLD_decoder_params_norm: 240.529, Time: 7896.55 |
|Train : Update 196000. Negative ELBO : 948.031, BCE: 691.437, KLD_latent: 18.781, KLD_decoder_params_norm: 237.813, Time: 7937.04 |
|Train : Update 197000. Negative ELBO : 946.794, BCE: 691.751, KLD_latent: 19.821, KLD_decoder_params_norm: 235.222, Time: 7977.53 |
|Train : Update 198000. Negative ELBO : 948.647, BCE: 696.324, KLD_latent: 19.646, KLD_decoder_params_norm: 232.677, Time: 8018.01 |
|Train : Update 199000. Negative ELBO : 943.223, BCE: 693.484, KLD_latent: 19.495, KLD_decoder_params_norm: 230.244, Time: 8058.50 |
|Train : Update 200000. Negative ELBO : 945.091, BCE: 697.311, KLD_latent: 19.991, KLD_decoder_params_norm: 227.788, Time: 8098.98 |
|Train : Update 201000. Negative ELBO : 939.738, BCE: 695.457, KLD_latent: 18.822, KLD_decoder_params_norm: 225.460, Time: 8139.47 |
|Train : Update 202000. Negative ELBO : 937.872, BCE: 695.549, KLD_latent: 19.130, KLD_decoder_params_norm: 223.193, Time: 8179.95 |
|Train : Update 203000. Negative ELBO : 928.150, BCE: 688.220, KLD_latent: 18.957, KLD_decoder_params_norm: 220.973, Time: 8220.44 |
|Train : Update 204000. Negative ELBO : 937.051, BCE: 699.185, KLD_latent: 19.087, KLD_decoder_params_norm: 218.779, Time: 8260.92 |
|Train : Update 205000. Negative ELBO : 926.176, BCE: 690.133, KLD_latent: 19.435, KLD_decoder_params_norm: 216.608, Time: 8301.40 |
|Train : Update 206000. Negative ELBO : 925.421, BCE: 692.128, KLD_latent: 18.785, KLD_decoder_params_norm: 214.507, Time: 8341.87 |
|Train : Update 207000. Negative ELBO : 934.045, BCE: 702.720, KLD_latent: 18.801, KLD_decoder_params_norm: 212.524, Time: 8382.35 |
|Train : Update 208000. Negative ELBO : 918.248, BCE: 688.151, KLD_latent: 19.531, KLD_decoder_params_norm: 210.566, Time: 8422.82 |
|Train : Update 209000. Negative ELBO : 916.958, BCE: 688.739, KLD_latent: 19.599, KLD_decoder_params_norm: 208.620, Time: 8463.30 |
|Train : Update 210000. Negative ELBO : 913.206, BCE: 687.339, KLD_latent: 19.110, KLD_decoder_params_norm: 206.757, Time: 8503.78 |
|Train : Update 211000. Negative ELBO : 916.884, BCE: 692.692, KLD_latent: 19.271, KLD_decoder_params_norm: 204.922, Time: 8544.25 |
|Train : Update 212000. Negative ELBO : 912.859, BCE: 690.400, KLD_latent: 19.326, KLD_decoder_params_norm: 203.132, Time: 8584.76 |
|Train : Update 213000. Negative ELBO : 917.163, BCE: 696.742, KLD_latent: 19.021, KLD_decoder_params_norm: 201.399, Time: 8625.24 |
|Train : Update 214000. Negative ELBO : 916.883, BCE: 697.606, KLD_latent: 19.525, KLD_decoder_params_norm: 199.752, Time: 8665.73 |
|Train : Update 215000. Negative ELBO : 907.642, BCE: 690.412, KLD_latent: 19.130, KLD_decoder_params_norm: 198.101, Time: 8706.21 |
|Train : Update 216000. Negative ELBO : 888.828, BCE: 673.719, KLD_latent: 18.642, KLD_decoder_params_norm: 196.468, Time: 8746.70 |
|Train : Update 217000. Negative ELBO : 915.096, BCE: 700.687, KLD_latent: 19.498, KLD_decoder_params_norm: 194.912, Time: 8787.19 |
|Train : Update 218000. Negative ELBO : 910.227, BCE: 697.655, KLD_latent: 19.222, KLD_decoder_params_norm: 193.350, Time: 8827.67 |
|Train : Update 219000. Negative ELBO : 907.023, BCE: 696.384, KLD_latent: 18.763, KLD_decoder_params_norm: 191.876, Time: 8868.16 |
|Train : Update 220000. Negative ELBO : 906.952, BCE: 697.660, KLD_latent: 18.839, KLD_decoder_params_norm: 190.453, Time: 8908.64 |
|Train : Update 221000. Negative ELBO : 898.978, BCE: 690.734, KLD_latent: 19.201, KLD_decoder_params_norm: 189.043, Time: 8949.13 |
|Train : Update 222000. Negative ELBO : 898.133, BCE: 691.076, KLD_latent: 19.413, KLD_decoder_params_norm: 187.645, Time: 8989.61 |
|Train : Update 223000. Negative ELBO : 899.061, BCE: 693.627, KLD_latent: 19.147, KLD_decoder_params_norm: 186.286, Time: 9030.08 |
|Train : Update 224000. Negative ELBO : 901.001, BCE: 697.531, KLD_latent: 18.485, KLD_decoder_params_norm: 184.985, Time: 9070.56 |
|Train : Update 225000. Negative ELBO : 884.746, BCE: 682.631, KLD_latent: 18.418, KLD_decoder_params_norm: 183.696, Time: 9111.04 |
|Train : Update 226000. Negative ELBO : 894.556, BCE: 692.861, KLD_latent: 19.277, KLD_decoder_params_norm: 182.418, Time: 9151.51 |
|Train : Update 227000. Negative ELBO : 888.424, BCE: 688.201, KLD_latent: 19.039, KLD_decoder_params_norm: 181.184, Time: 9191.99 |
|Train : Update 228000. Negative ELBO : 899.769, BCE: 700.573, KLD_latent: 19.219, KLD_decoder_params_norm: 179.976, Time: 9232.47 |
|Train : Update 229000. Negative ELBO : 881.865, BCE: 684.233, KLD_latent: 18.833, KLD_decoder_params_norm: 178.799, Time: 9272.94 |
|Train : Update 230000. Negative ELBO : 889.758, BCE: 693.508, KLD_latent: 18.599, KLD_decoder_params_norm: 177.652, Time: 9313.50 |
|Train : Update 231000. Negative ELBO : 894.561, BCE: 698.328, KLD_latent: 19.643, KLD_decoder_params_norm: 176.590, Time: 9353.99 |
|Train : Update 232000. Negative ELBO : 883.715, BCE: 689.752, KLD_latent: 18.502, KLD_decoder_params_norm: 175.462, Time: 9394.47 |
|Train : Update 233000. Negative ELBO : 874.604, BCE: 681.666, KLD_latent: 18.580, KLD_decoder_params_norm: 174.358, Time: 9434.96 |
|Train : Update 234000. Negative ELBO : 885.876, BCE: 692.511, KLD_latent: 20.043, KLD_decoder_params_norm: 173.322, Time: 9475.44 |
|Train : Update 235000. Negative ELBO : 880.707, BCE: 688.442, KLD_latent: 19.942, KLD_decoder_params_norm: 172.323, Time: 9515.93 |
|Train : Update 236000. Negative ELBO : 890.268, BCE: 699.529, KLD_latent: 19.376, KLD_decoder_params_norm: 171.363, Time: 9556.41 |
|Train : Update 237000. Negative ELBO : 883.896, BCE: 694.490, KLD_latent: 19.041, KLD_decoder_params_norm: 170.366, Time: 9596.89 |
|Train : Update 238000. Negative ELBO : 874.475, BCE: 685.967, KLD_latent: 19.087, KLD_decoder_params_norm: 169.422, Time: 9637.36 |
|Train : Update 239000. Negative ELBO : 875.795, BCE: 688.244, KLD_latent: 19.061, KLD_decoder_params_norm: 168.490, Time: 9677.84 |
|Train : Update 240000. Negative ELBO : 880.633, BCE: 694.267, KLD_latent: 18.838, KLD_decoder_params_norm: 167.528, Time: 9718.32 |
|Train : Update 241000. Negative ELBO : 865.811, BCE: 680.378, KLD_latent: 18.763, KLD_decoder_params_norm: 166.670, Time: 9758.81 |
|Train : Update 242000. Negative ELBO : 870.679, BCE: 685.615, KLD_latent: 19.222, KLD_decoder_params_norm: 165.843, Time: 9799.29 |
|Train : Update 243000. Negative ELBO : 888.694, BCE: 705.125, KLD_latent: 18.573, KLD_decoder_params_norm: 164.995, Time: 9839.78 |
|Train : Update 244000. Negative ELBO : 876.589, BCE: 693.079, KLD_latent: 19.341, KLD_decoder_params_norm: 164.170, Time: 9880.26 |
|Train : Update 245000. Negative ELBO : 866.201, BCE: 684.098, KLD_latent: 18.738, KLD_decoder_params_norm: 163.366, Time: 9920.74 |
|Train : Update 246000. Negative ELBO : 870.394, BCE: 688.619, KLD_latent: 19.179, KLD_decoder_params_norm: 162.596, Time: 9961.25 |
|Train : Update 247000. Negative ELBO : 862.873, BCE: 682.059, KLD_latent: 19.017, KLD_decoder_params_norm: 161.797, Time: 10001.75 |
|Train : Update 248000. Negative ELBO : 873.741, BCE: 694.585, KLD_latent: 18.121, KLD_decoder_params_norm: 161.036, Time: 10042.28 |
|Train : Update 249000. Negative ELBO : 879.191, BCE: 700.044, KLD_latent: 18.840, KLD_decoder_params_norm: 160.306, Time: 10082.79 |
|Train : Update 250000. Negative ELBO : 854.297, BCE: 675.611, KLD_latent: 19.093, KLD_decoder_params_norm: 159.592, Time: 10123.28 |
|Train : Update 251000. Negative ELBO : 872.983, BCE: 694.494, KLD_latent: 19.660, KLD_decoder_params_norm: 158.829, Time: 10163.75 |
|Train : Update 252000. Negative ELBO : 864.936, BCE: 687.822, KLD_latent: 18.977, KLD_decoder_params_norm: 158.137, Time: 10204.23 |
|Train : Update 253000. Negative ELBO : 869.787, BCE: 693.120, KLD_latent: 19.227, KLD_decoder_params_norm: 157.439, Time: 10244.71 |
|Train : Update 254000. Negative ELBO : 856.971, BCE: 681.903, KLD_latent: 18.306, KLD_decoder_params_norm: 156.762, Time: 10285.18 |
|Train : Update 255000. Negative ELBO : 863.744, BCE: 688.717, KLD_latent: 18.917, KLD_decoder_params_norm: 156.111, Time: 10325.69 |
|Train : Update 256000. Negative ELBO : 856.361, BCE: 681.983, KLD_latent: 18.915, KLD_decoder_params_norm: 155.463, Time: 10366.19 |
|Train : Update 257000. Negative ELBO : 872.957, BCE: 699.081, KLD_latent: 19.038, KLD_decoder_params_norm: 154.838, Time: 10406.71 |
|Train : Update 258000. Negative ELBO : 853.628, BCE: 680.410, KLD_latent: 19.017, KLD_decoder_params_norm: 154.200, Time: 10447.17 |
|Train : Update 259000. Negative ELBO : 852.364, BCE: 679.855, KLD_latent: 18.940, KLD_decoder_params_norm: 153.569, Time: 10487.67 |
|Train : Update 260000. Negative ELBO : 865.097, BCE: 693.444, KLD_latent: 18.670, KLD_decoder_params_norm: 152.984, Time: 10528.13 |
|Train : Update 261000. Negative ELBO : 871.449, BCE: 699.459, KLD_latent: 19.579, KLD_decoder_params_norm: 152.411, Time: 10568.58 |
|Train : Update 262000. Negative ELBO : 857.077, BCE: 685.601, KLD_latent: 19.618, KLD_decoder_params_norm: 151.858, Time: 10609.03 |
|Train : Update 263000. Negative ELBO : 863.387, BCE: 693.434, KLD_latent: 18.642, KLD_decoder_params_norm: 151.311, Time: 10649.48 |
|Train : Update 264000. Negative ELBO : 885.829, BCE: 715.912, KLD_latent: 19.158, KLD_decoder_params_norm: 150.760, Time: 10689.93 |
|Train : Update 265000. Negative ELBO : 864.816, BCE: 695.846, KLD_latent: 18.761, KLD_decoder_params_norm: 150.208, Time: 10730.38 |
|Train : Update 266000. Negative ELBO : 848.259, BCE: 680.306, KLD_latent: 18.256, KLD_decoder_params_norm: 149.696, Time: 10770.83 |
|Train : Update 267000. Negative ELBO : 861.459, BCE: 693.593, KLD_latent: 18.685, KLD_decoder_params_norm: 149.182, Time: 10811.28 |
|Train : Update 268000. Negative ELBO : 853.219, BCE: 685.717, KLD_latent: 18.835, KLD_decoder_params_norm: 148.667, Time: 10851.74 |
|Train : Update 269000. Negative ELBO : 850.264, BCE: 683.420, KLD_latent: 18.658, KLD_decoder_params_norm: 148.186, Time: 10892.19 |
|Train : Update 270000. Negative ELBO : 845.868, BCE: 679.228, KLD_latent: 18.957, KLD_decoder_params_norm: 147.683, Time: 10932.65 |
|Train : Update 271000. Negative ELBO : 848.503, BCE: 683.092, KLD_latent: 18.220, KLD_decoder_params_norm: 147.192, Time: 10973.10 |
|Train : Update 272000. Negative ELBO : 858.722, BCE: 693.045, KLD_latent: 18.947, KLD_decoder_params_norm: 146.729, Time: 11013.56 |
|Train : Update 273000. Negative ELBO : 860.325, BCE: 695.753, KLD_latent: 18.335, KLD_decoder_params_norm: 146.237, Time: 11054.01 |
|Train : Update 274000. Negative ELBO : 840.812, BCE: 677.200, KLD_latent: 17.819, KLD_decoder_params_norm: 145.793, Time: 11094.46 |
|Train : Update 275000. Negative ELBO : 851.940, BCE: 686.918, KLD_latent: 19.660, KLD_decoder_params_norm: 145.362, Time: 11134.91 |
|Train : Update 276000. Negative ELBO : 846.532, BCE: 682.306, KLD_latent: 19.300, KLD_decoder_params_norm: 144.927, Time: 11175.37 |
|Train : Update 277000. Negative ELBO : 853.219, BCE: 689.659, KLD_latent: 19.075, KLD_decoder_params_norm: 144.485, Time: 11215.81 |
|Train : Update 278000. Negative ELBO : 829.399, BCE: 666.287, KLD_latent: 19.076, KLD_decoder_params_norm: 144.036, Time: 11256.26 |
|Train : Update 279000. Negative ELBO : 860.334, BCE: 697.984, KLD_latent: 18.704, KLD_decoder_params_norm: 143.646, Time: 11296.70 |
|Train : Update 280000. Negative ELBO : 857.002, BCE: 695.618, KLD_latent: 18.152, KLD_decoder_params_norm: 143.232, Time: 11337.16 |
|Train : Update 281000. Negative ELBO : 848.046, BCE: 686.436, KLD_latent: 18.795, KLD_decoder_params_norm: 142.815, Time: 11377.61 |
|Train : Update 282000. Negative ELBO : 850.773, BCE: 690.092, KLD_latent: 18.268, KLD_decoder_params_norm: 142.413, Time: 11418.07 |
|Train : Update 283000. Negative ELBO : 844.245, BCE: 683.238, KLD_latent: 19.010, KLD_decoder_params_norm: 141.996, Time: 11458.52 |
|Train : Update 284000. Negative ELBO : 842.612, BCE: 682.019, KLD_latent: 18.994, KLD_decoder_params_norm: 141.599, Time: 11498.97 |
|Train : Update 285000. Negative ELBO : 845.547, BCE: 685.928, KLD_latent: 18.391, KLD_decoder_params_norm: 141.228, Time: 11539.43 |
|Train : Update 286000. Negative ELBO : 835.429, BCE: 675.980, KLD_latent: 18.546, KLD_decoder_params_norm: 140.902, Time: 11579.88 |
|Train : Update 287000. Negative ELBO : 864.646, BCE: 705.374, KLD_latent: 18.775, KLD_decoder_params_norm: 140.497, Time: 11620.34 |
|Train : Update 288000. Negative ELBO : 840.020, BCE: 681.083, KLD_latent: 18.793, KLD_decoder_params_norm: 140.144, Time: 11660.79 |
|Train : Update 289000. Negative ELBO : 846.344, BCE: 687.406, KLD_latent: 19.140, KLD_decoder_params_norm: 139.798, Time: 11701.24 |
|Train : Update 290000. Negative ELBO : 842.755, BCE: 684.832, KLD_latent: 18.475, KLD_decoder_params_norm: 139.448, Time: 11741.69 |
|Train : Update 291000. Negative ELBO : 840.025, BCE: 682.193, KLD_latent: 18.721, KLD_decoder_params_norm: 139.110, Time: 11782.15 |
|Train : Update 292000. Negative ELBO : 862.037, BCE: 704.562, KLD_latent: 18.673, KLD_decoder_params_norm: 138.801, Time: 11822.60 |
|Train : Update 293000. Negative ELBO : 855.420, BCE: 698.072, KLD_latent: 18.871, KLD_decoder_params_norm: 138.476, Time: 11863.05 |
|Train : Update 294000. Negative ELBO : 848.413, BCE: 691.297, KLD_latent: 19.007, KLD_decoder_params_norm: 138.109, Time: 11903.51 |
|Train : Update 295000. Negative ELBO : 851.968, BCE: 695.511, KLD_latent: 18.644, KLD_decoder_params_norm: 137.813, Time: 11943.96 |
|Train : Update 296000. Negative ELBO : 835.595, BCE: 679.468, KLD_latent: 18.611, KLD_decoder_params_norm: 137.516, Time: 11984.42 |
|Train : Update 297000. Negative ELBO : 835.535, BCE: 680.060, KLD_latent: 18.280, KLD_decoder_params_norm: 137.194, Time: 12024.88 |
|Train : Update 298000. Negative ELBO : 848.313, BCE: 693.013, KLD_latent: 18.426, KLD_decoder_params_norm: 136.874, Time: 12065.33 |
|Train : Update 299000. Negative ELBO : 837.418, BCE: 682.278, KLD_latent: 18.563, KLD_decoder_params_norm: 136.576, Time: 12105.79 |
|Train : Update 300000. Negative ELBO : 834.225, BCE: 678.957, KLD_latent: 19.003, KLD_decoder_params_norm: 136.265, Time: 12146.26 |
|Train : Update 301000. Negative ELBO : 837.249, BCE: 682.614, KLD_latent: 18.674, KLD_decoder_params_norm: 135.962, Time: 12186.71 |
|Train : Update 302000. Negative ELBO : 860.583, BCE: 705.872, KLD_latent: 19.007, KLD_decoder_params_norm: 135.704, Time: 12227.17 |
|Train : Update 303000. Negative ELBO : 836.243, BCE: 681.894, KLD_latent: 18.925, KLD_decoder_params_norm: 135.424, Time: 12267.63 |
|Train : Update 304000. Negative ELBO : 838.295, BCE: 684.710, KLD_latent: 18.424, KLD_decoder_params_norm: 135.160, Time: 12308.08 |
|Train : Update 305000. Negative ELBO : 841.219, BCE: 687.965, KLD_latent: 18.334, KLD_decoder_params_norm: 134.920, Time: 12348.54 |
|Train : Update 306000. Negative ELBO : 834.262, BCE: 681.003, KLD_latent: 18.613, KLD_decoder_params_norm: 134.645, Time: 12389.00 |
|Train : Update 307000. Negative ELBO : 834.683, BCE: 681.227, KLD_latent: 19.073, KLD_decoder_params_norm: 134.383, Time: 12429.45 |
|Train : Update 308000. Negative ELBO : 838.388, BCE: 685.189, KLD_latent: 19.098, KLD_decoder_params_norm: 134.101, Time: 12469.91 |
|Train : Update 309000. Negative ELBO : 830.651, BCE: 677.510, KLD_latent: 19.305, KLD_decoder_params_norm: 133.837, Time: 12510.37 |
|Train : Update 310000. Negative ELBO : 831.257, BCE: 678.595, KLD_latent: 19.072, KLD_decoder_params_norm: 133.590, Time: 12550.83 |
|Train : Update 311000. Negative ELBO : 837.495, BCE: 685.702, KLD_latent: 18.426, KLD_decoder_params_norm: 133.367, Time: 12591.28 |
|Train : Update 312000. Negative ELBO : 845.868, BCE: 694.260, KLD_latent: 18.468, KLD_decoder_params_norm: 133.140, Time: 12631.74 |
|Train : Update 313000. Negative ELBO : 832.042, BCE: 679.709, KLD_latent: 19.448, KLD_decoder_params_norm: 132.885, Time: 12672.20 |
|Train : Update 314000. Negative ELBO : 839.506, BCE: 688.422, KLD_latent: 18.470, KLD_decoder_params_norm: 132.613, Time: 12712.68 |
|Train : Update 315000. Negative ELBO : 826.639, BCE: 674.774, KLD_latent: 19.488, KLD_decoder_params_norm: 132.376, Time: 12753.13 |
|Train : Update 316000. Negative ELBO : 831.069, BCE: 680.054, KLD_latent: 18.885, KLD_decoder_params_norm: 132.129, Time: 12793.59 |
|Train : Update 317000. Negative ELBO : 839.963, BCE: 689.363, KLD_latent: 18.716, KLD_decoder_params_norm: 131.885, Time: 12834.04 |
|Train : Update 318000. Negative ELBO : 840.633, BCE: 690.280, KLD_latent: 18.688, KLD_decoder_params_norm: 131.665, Time: 12874.49 |
|Train : Update 319000. Negative ELBO : 834.563, BCE: 684.937, KLD_latent: 18.163, KLD_decoder_params_norm: 131.462, Time: 12914.94 |
|Train : Update 320000. Negative ELBO : 826.784, BCE: 676.975, KLD_latent: 18.562, KLD_decoder_params_norm: 131.247, Time: 12955.41 |
|Train : Update 321000. Negative ELBO : 840.983, BCE: 691.216, KLD_latent: 18.738, KLD_decoder_params_norm: 131.029, Time: 12995.86 |
|Train : Update 322000. Negative ELBO : 835.135, BCE: 685.538, KLD_latent: 18.807, KLD_decoder_params_norm: 130.790, Time: 13036.32 |
|Train : Update 323000. Negative ELBO : 831.046, BCE: 681.505, KLD_latent: 18.975, KLD_decoder_params_norm: 130.566, Time: 13076.78 |
|Train : Update 324000. Negative ELBO : 827.861, BCE: 679.106, KLD_latent: 18.412, KLD_decoder_params_norm: 130.343, Time: 13117.24 |
|Train : Update 325000. Negative ELBO : 826.665, BCE: 677.372, KLD_latent: 19.164, KLD_decoder_params_norm: 130.129, Time: 13157.70 |
|Train : Update 326000. Negative ELBO : 826.771, BCE: 678.576, KLD_latent: 18.261, KLD_decoder_params_norm: 129.934, Time: 13198.16 |
|Train : Update 327000. Negative ELBO : 834.834, BCE: 686.643, KLD_latent: 18.437, KLD_decoder_params_norm: 129.754, Time: 13238.62 |
|Train : Update 328000. Negative ELBO : 829.851, BCE: 682.119, KLD_latent: 18.185, KLD_decoder_params_norm: 129.547, Time: 13279.10 |
|Train : Update 329000. Negative ELBO : 834.586, BCE: 685.806, KLD_latent: 19.446, KLD_decoder_params_norm: 129.334, Time: 13319.55 |
|Train : Update 330000. Negative ELBO : 829.712, BCE: 681.853, KLD_latent: 18.743, KLD_decoder_params_norm: 129.115, Time: 13360.01 |
|Train : Update 331000. Negative ELBO : 837.512, BCE: 689.464, KLD_latent: 19.117, KLD_decoder_params_norm: 128.931, Time: 13400.46 |
|Train : Update 332000. Negative ELBO : 842.311, BCE: 694.574, KLD_latent: 18.989, KLD_decoder_params_norm: 128.748, Time: 13440.92 |
|Train : Update 333000. Negative ELBO : 837.642, BCE: 689.985, KLD_latent: 19.072, KLD_decoder_params_norm: 128.586, Time: 13481.38 |
|Train : Update 334000. Negative ELBO : 834.453, BCE: 687.617, KLD_latent: 18.440, KLD_decoder_params_norm: 128.397, Time: 13521.83 |
|Train : Update 335000. Negative ELBO : 832.989, BCE: 686.215, KLD_latent: 18.571, KLD_decoder_params_norm: 128.203, Time: 13562.29 |
|Train : Update 336000. Negative ELBO : 834.526, BCE: 687.346, KLD_latent: 19.179, KLD_decoder_params_norm: 128.001, Time: 13602.75 |
|Train : Update 337000. Negative ELBO : 838.730, BCE: 691.938, KLD_latent: 18.976, KLD_decoder_params_norm: 127.816, Time: 13643.20 |
|Train : Update 338000. Negative ELBO : 823.775, BCE: 677.096, KLD_latent: 19.032, KLD_decoder_params_norm: 127.648, Time: 13683.65 |
|Train : Update 339000. Negative ELBO : 828.810, BCE: 682.055, KLD_latent: 19.305, KLD_decoder_params_norm: 127.450, Time: 13724.11 |
|Train : Update 340000. Negative ELBO : 831.597, BCE: 685.315, KLD_latent: 19.002, KLD_decoder_params_norm: 127.280, Time: 13764.57 |
|Train : Update 341000. Negative ELBO : 817.346, BCE: 670.969, KLD_latent: 19.270, KLD_decoder_params_norm: 127.106, Time: 13805.03 |
|Train : Update 342000. Negative ELBO : 832.757, BCE: 686.580, KLD_latent: 19.241, KLD_decoder_params_norm: 126.937, Time: 13845.49 |
|Train : Update 343000. Negative ELBO : 824.149, BCE: 678.705, KLD_latent: 18.714, KLD_decoder_params_norm: 126.730, Time: 13885.95 |
|Train : Update 344000. Negative ELBO : 831.967, BCE: 686.687, KLD_latent: 18.725, KLD_decoder_params_norm: 126.554, Time: 13926.40 |
|Train : Update 345000. Negative ELBO : 825.753, BCE: 680.451, KLD_latent: 18.912, KLD_decoder_params_norm: 126.391, Time: 13966.87 |
|Train : Update 346000. Negative ELBO : 834.396, BCE: 689.802, KLD_latent: 18.356, KLD_decoder_params_norm: 126.237, Time: 14007.33 |
|Train : Update 347000. Negative ELBO : 826.575, BCE: 681.636, KLD_latent: 18.909, KLD_decoder_params_norm: 126.029, Time: 14047.78 |
|Train : Update 348000. Negative ELBO : 821.416, BCE: 676.347, KLD_latent: 19.220, KLD_decoder_params_norm: 125.849, Time: 14088.25 |
|Train : Update 349000. Negative ELBO : 833.676, BCE: 689.521, KLD_latent: 18.478, KLD_decoder_params_norm: 125.677, Time: 14128.71 |
|Train : Update 350000. Negative ELBO : 823.012, BCE: 679.389, KLD_latent: 18.093, KLD_decoder_params_norm: 125.529, Time: 14169.17 |
|Train : Update 351000. Negative ELBO : 826.000, BCE: 682.178, KLD_latent: 18.452, KLD_decoder_params_norm: 125.370, Time: 14209.63 |
|Train : Update 352000. Negative ELBO : 826.661, BCE: 682.589, KLD_latent: 18.858, KLD_decoder_params_norm: 125.214, Time: 14250.08 |
|Train : Update 353000. Negative ELBO : 840.748, BCE: 696.362, KLD_latent: 19.335, KLD_decoder_params_norm: 125.051, Time: 14290.54 |
|Train : Update 354000. Negative ELBO : 839.150, BCE: 695.908, KLD_latent: 18.341, KLD_decoder_params_norm: 124.900, Time: 14331.00 |
|Train : Update 355000. Negative ELBO : 827.121, BCE: 683.196, KLD_latent: 19.164, KLD_decoder_params_norm: 124.761, Time: 14371.46 |
|Train : Update 356000. Negative ELBO : 826.224, BCE: 682.734, KLD_latent: 18.868, KLD_decoder_params_norm: 124.621, Time: 14411.92 |
|Train : Update 357000. Negative ELBO : 842.215, BCE: 698.342, KLD_latent: 19.397, KLD_decoder_params_norm: 124.476, Time: 14452.38 |
|Train : Update 358000. Negative ELBO : 827.703, BCE: 684.318, KLD_latent: 19.096, KLD_decoder_params_norm: 124.289, Time: 14492.84 |
|Train : Update 359000. Negative ELBO : 823.410, BCE: 680.165, KLD_latent: 19.097, KLD_decoder_params_norm: 124.148, Time: 14533.29 |
|Train : Update 360000. Negative ELBO : 827.771, BCE: 685.051, KLD_latent: 18.684, KLD_decoder_params_norm: 124.036, Time: 14573.76 |
|Train : Update 361000. Negative ELBO : 829.053, BCE: 686.319, KLD_latent: 18.839, KLD_decoder_params_norm: 123.895, Time: 14614.21 |
|Train : Update 362000. Negative ELBO : 818.458, BCE: 676.372, KLD_latent: 18.331, KLD_decoder_params_norm: 123.756, Time: 14654.67 |
|Train : Update 363000. Negative ELBO : 822.292, BCE: 680.860, KLD_latent: 17.824, KLD_decoder_params_norm: 123.608, Time: 14695.12 |
|Train : Update 364000. Negative ELBO : 827.449, BCE: 685.193, KLD_latent: 18.800, KLD_decoder_params_norm: 123.456, Time: 14735.57 |
|Train : Update 365000. Negative ELBO : 813.287, BCE: 671.363, KLD_latent: 18.604, KLD_decoder_params_norm: 123.321, Time: 14776.02 |
|Train : Update 366000. Negative ELBO : 826.223, BCE: 684.396, KLD_latent: 18.623, KLD_decoder_params_norm: 123.204, Time: 14816.47 |
|Train : Update 367000. Negative ELBO : 823.281, BCE: 681.442, KLD_latent: 18.768, KLD_decoder_params_norm: 123.070, Time: 14856.93 |
|Train : Update 368000. Negative ELBO : 830.886, BCE: 689.002, KLD_latent: 18.943, KLD_decoder_params_norm: 122.942, Time: 14897.38 |
|Train : Update 369000. Negative ELBO : 817.524, BCE: 675.514, KLD_latent: 19.221, KLD_decoder_params_norm: 122.789, Time: 14937.84 |
|Train : Update 370000. Negative ELBO : 822.293, BCE: 680.852, KLD_latent: 18.782, KLD_decoder_params_norm: 122.659, Time: 14978.30 |
|Train : Update 371000. Negative ELBO : 821.116, BCE: 680.064, KLD_latent: 18.494, KLD_decoder_params_norm: 122.558, Time: 15018.76 |
|Train : Update 372000. Negative ELBO : 816.329, BCE: 675.816, KLD_latent: 18.094, KLD_decoder_params_norm: 122.418, Time: 15059.25 |
|Train : Update 373000. Negative ELBO : 805.989, BCE: 665.039, KLD_latent: 18.642, KLD_decoder_params_norm: 122.308, Time: 15099.70 |
|Train : Update 374000. Negative ELBO : 833.370, BCE: 693.014, KLD_latent: 18.153, KLD_decoder_params_norm: 122.202, Time: 15140.15 |
|Train : Update 375000. Negative ELBO : 812.100, BCE: 671.328, KLD_latent: 18.698, KLD_decoder_params_norm: 122.073, Time: 15180.61 |
|Train : Update 376000. Negative ELBO : 827.157, BCE: 686.619, KLD_latent: 18.570, KLD_decoder_params_norm: 121.968, Time: 15221.06 |
|Train : Update 377000. Negative ELBO : 827.792, BCE: 686.661, KLD_latent: 19.280, KLD_decoder_params_norm: 121.850, Time: 15261.51 |
|Train : Update 378000. Negative ELBO : 819.808, BCE: 679.513, KLD_latent: 18.556, KLD_decoder_params_norm: 121.739, Time: 15302.00 |
|Train : Update 379000. Negative ELBO : 817.474, BCE: 676.546, KLD_latent: 19.301, KLD_decoder_params_norm: 121.627, Time: 15342.47 |
|Train : Update 380000. Negative ELBO : 814.583, BCE: 674.642, KLD_latent: 18.448, KLD_decoder_params_norm: 121.493, Time: 15382.93 |
|Train : Update 381000. Negative ELBO : 826.897, BCE: 687.036, KLD_latent: 18.477, KLD_decoder_params_norm: 121.384, Time: 15423.38 |
|Train : Update 382000. Negative ELBO : 821.712, BCE: 681.304, KLD_latent: 19.118, KLD_decoder_params_norm: 121.290, Time: 15463.84 |
|Train : Update 383000. Negative ELBO : 824.072, BCE: 684.052, KLD_latent: 18.827, KLD_decoder_params_norm: 121.193, Time: 15504.31 |
|Train : Update 384000. Negative ELBO : 815.835, BCE: 676.285, KLD_latent: 18.437, KLD_decoder_params_norm: 121.112, Time: 15544.76 |
|Train : Update 385000. Negative ELBO : 812.272, BCE: 672.279, KLD_latent: 18.997, KLD_decoder_params_norm: 120.996, Time: 15585.21 |
|Train : Update 386000. Negative ELBO : 811.331, BCE: 671.882, KLD_latent: 18.571, KLD_decoder_params_norm: 120.878, Time: 15625.66 |
|Train : Update 387000. Negative ELBO : 835.699, BCE: 696.081, KLD_latent: 18.828, KLD_decoder_params_norm: 120.790, Time: 15666.11 |
|Train : Update 388000. Negative ELBO : 824.515, BCE: 684.558, KLD_latent: 19.280, KLD_decoder_params_norm: 120.677, Time: 15706.57 |
|Train : Update 389000. Negative ELBO : 819.936, BCE: 679.963, KLD_latent: 19.406, KLD_decoder_params_norm: 120.567, Time: 15747.02 |
|Train : Update 390000. Negative ELBO : 817.299, BCE: 677.967, KLD_latent: 18.863, KLD_decoder_params_norm: 120.468, Time: 15787.48 |
|Train : Update 391000. Negative ELBO : 820.054, BCE: 680.583, KLD_latent: 19.085, KLD_decoder_params_norm: 120.386, Time: 15827.93 |
|Train : Update 392000. Negative ELBO : 818.961, BCE: 679.790, KLD_latent: 18.881, KLD_decoder_params_norm: 120.290, Time: 15868.38 |
|Train : Update 393000. Negative ELBO : 818.896, BCE: 679.849, KLD_latent: 18.853, KLD_decoder_params_norm: 120.194, Time: 15908.83 |
|Train : Update 394000. Negative ELBO : 806.837, BCE: 669.401, KLD_latent: 17.327, KLD_decoder_params_norm: 120.110, Time: 15949.29 |
|Train : Update 395000. Negative ELBO : 822.932, BCE: 683.757, KLD_latent: 19.148, KLD_decoder_params_norm: 120.027, Time: 15989.75 |
|Train : Update 396000. Negative ELBO : 817.834, BCE: 678.732, KLD_latent: 19.169, KLD_decoder_params_norm: 119.932, Time: 16030.21 |
|Train : Update 397000. Negative ELBO : 821.441, BCE: 683.289, KLD_latent: 18.302, KLD_decoder_params_norm: 119.850, Time: 16070.67 |
|Train : Update 398000. Negative ELBO : 808.227, BCE: 670.004, KLD_latent: 18.456, KLD_decoder_params_norm: 119.766, Time: 16111.13 |
|Train : Update 399000. Negative ELBO : 822.859, BCE: 685.042, KLD_latent: 18.139, KLD_decoder_params_norm: 119.678, Time: 16151.58 |
|Train : Update 400000. Negative ELBO : 812.329, BCE: 673.635, KLD_latent: 19.110, KLD_decoder_params_norm: 119.583, Time: 16192.04 |
